LetterGrade,year,semester,Dept_Code,Course_Number,AUC_ID
A,2019,Spring,CSCE,1000,900129248
A-,2018,Fall,CSCE,1101,900129248
B,2017,Spring,CSCE,2202,900129248
C,2016,Fall,CSCE,2301,900129248
C+,2014,Spring,CSCE,2303,900129248
B-,2020,Fall,CSCE,2501,900129248
F,2015,Spring,CSCE,2502,900129248
A,2019,Spring,CSCE,1000,900121984
A-,2018,Fall,CSCE,1101,900121984
B,2017,Spring,CSCE,2202,900121984
C,2016,Fall,CSCE,2301,900121984
C+,2014,Spring,CSCE,2303,900121984
B-,2020,Fall,CSCE,2501,900121984
F,2015,Spring,CSCE,2502,900121984
